{
  "version": "2021.1",
  "applications": [],
  "platforms": [],
  "systems": [
    {
      "name": "mmm_vadd_dfx_system",
      "platform": "/afs/ece.cmu.edu/class/ece643/software/xilinxVitis/platforms/2021.1/cmu_u96v2_dfx_full/cmu_u96v2_dfx_full.xpfm",
      "sysConfig": "cmu_u96v2_dfx_full",
      "buildConfig": "Hardware",
      "applications": [
        {
          "name": "mmm_vadd_dfx_system_hw_link",
          "platform": "/afs/ece.cmu.edu/class/ece643/software/xilinxVitis/platforms/2021.1/cmu_u96v2_dfx_full/cmu_u96v2_dfx_full.xpfm",
          "platformPath": "/afs/ece.cmu.edu/class/ece643/software/xilinxVitis/platforms/2021.1/cmu_u96v2_dfx_full",
          "sysConfig": "cmu_u96v2_dfx_full",
          "domain": "pl",
          "system": "mmm_vadd_dfx_system"
        },
        {
          "name": "mmm_vadd_dfx",
          "platform": "/afs/ece.cmu.edu/class/ece643/software/xilinxVitis/platforms/2021.1/cmu_u96v2_dfx_full/cmu_u96v2_dfx_full.xpfm",
          "platformPath": "/afs/ece.cmu.edu/class/ece643/software/xilinxVitis/platforms/2021.1/cmu_u96v2_dfx_full",
          "sysConfig": "cmu_u96v2_dfx_full",
          "domain": "linux_domain",
          "system": "mmm_vadd_dfx_system"
        },
        {
          "name": "mmm_kernels",
          "platform": "/afs/ece.cmu.edu/class/ece643/software/xilinxVitis/platforms/2021.1/cmu_u96v2_dfx_full/cmu_u96v2_dfx_full.xpfm",
          "platformPath": "/afs/ece.cmu.edu/class/ece643/software/xilinxVitis/platforms/2021.1/cmu_u96v2_dfx_full",
          "sysConfig": "cmu_u96v2_dfx_full",
          "domain": "",
          "system": "mmm_vadd_dfx_system"
        },
        {
          "name": "vadd_kernels",
          "platform": "/afs/ece.cmu.edu/class/ece643/software/xilinxVitis/platforms/2021.1/cmu_u96v2_dfx_full/cmu_u96v2_dfx_full.xpfm",
          "platformPath": "/afs/ece.cmu.edu/class/ece643/software/xilinxVitis/platforms/2021.1/cmu_u96v2_dfx_full",
          "sysConfig": "cmu_u96v2_dfx_full",
          "domain": "",
          "system": "mmm_vadd_dfx_system"
        },
        {
          "name": "expla_kernels",
          "platform": "/afs/ece.cmu.edu/class/ece643/software/xilinxVitis/platforms/2021.1/cmu_u96v2_dfx_full/cmu_u96v2_dfx_full.xpfm",
          "platformPath": "/afs/ece.cmu.edu/class/ece643/software/xilinxVitis/platforms/2021.1/cmu_u96v2_dfx_full",
          "sysConfig": "Linux on x86",
          "domain": "",
          "system": "mmm_vadd_dfx_system"
        }
      ],
      "platformPath": "/afs/ece.cmu.edu/class/ece643/software/xilinxVitis/platforms/2021.1/cmu_u96v2_dfx_full"
    },
    {
      "name": "test_drive_system",
      "platform": "/afs/ece.cmu.edu/class/ece643/software/xilinxVitis/platforms/2021.1/cmu_u96v2_dfx_full/cmu_u96v2_dfx_full.xpfm",
      "sysConfig": "cmu_u96v2_dfx_full",
      "buildConfig": "Hardware",
      "applications": [
        {
          "name": "test_drive_system_hw_link",
          "platform": "/afs/ece.cmu.edu/class/ece643/software/xilinxVitis/platforms/2021.1/cmu_u96v2_dfx_full/cmu_u96v2_dfx_full.xpfm",
          "platformPath": "/afs/ece.cmu.edu/class/ece643/software/xilinxVitis/platforms/2021.1/cmu_u96v2_dfx_full",
          "sysConfig": "Linux on x86",
          "domain": "pl",
          "system": "test_drive_system"
        },
        {
          "name": "test_drive_kernels",
          "platform": "/afs/ece.cmu.edu/class/ece643/software/xilinxVitis/platforms/2021.1/cmu_u96v2_dfx_full/cmu_u96v2_dfx_full.xpfm",
          "platformPath": "/afs/ece.cmu.edu/class/ece643/software/xilinxVitis/platforms/2021.1/cmu_u96v2_dfx_full",
          "sysConfig": "Linux on x86",
          "domain": "",
          "system": "test_drive_system"
        },
        {
          "name": "test_drive",
          "platform": "/afs/ece.cmu.edu/class/ece643/software/xilinxVitis/platforms/2021.1/cmu_u96v2_dfx_full/cmu_u96v2_dfx_full.xpfm",
          "platformPath": "/afs/ece.cmu.edu/class/ece643/software/xilinxVitis/platforms/2021.1/cmu_u96v2_dfx_full",
          "sysConfig": "cmu_u96v2_dfx_full",
          "domain": "linux_domain",
          "system": "test_drive_system"
        }
      ],
      "platformPath": "/afs/ece.cmu.edu/class/ece643/software/xilinxVitis/platforms/2021.1/cmu_u96v2_dfx_full"
    }
  ],
  "others": []
}